<?xml version="1.0" encoding="UTF-8" standalone="yes"?>

<BLPACKAGE CreatedBy="blpackager" CreatedDate="2011/03/22 15:35:49" SchemaVersion="2.0">
   <EXTERNALCMD ItemId="1">
      <Name>Services Remediation</Name>
      <Cmd>set RSCD_DIR=??TARGET.RSCD_DIR??&#xA;set RSCD_DIR=%RSCD_DIR:/=\%&#xA;set RSCD_DIR=%RSCD_DIR:~1%&#xA;set DRIVE_CHAR=%RSCD_DIR:~0,1%&#xA;set RSCD_DIR=%RSCD_DIR:~1%&#xA;set RSCD_DIR=%DRIVE_CHAR%:%RSCD_DIR%&#xA;&#xA;set UNDO_FILE=%RSCD_DIR%\tmp\preDISA\service_undo&#xA;set TEMP_UNDO_FILE=%RSCD_DIR%\tmp\preDISA\service_undo.tmp&#xA;set REMIDIATION_FILE=%RSCD_DIR%\tmp\preDISA\service_remediation&#xA;set TEMP_REMIDIATION_FILE=%RSCD_DIR%\tmp\preDISA\service_remediation.tmp&#xA;type NUL &gt; &quot;%TEMP_REMIDIATION_FILE%&quot;&#xA;&#xA;for /F &quot;tokens=* delims=&quot; %%A in ('sc sdshow ??SERVICE_NAME??') do ( set UNDO_SD_PERM=%%A ) &#xA;for /F &quot;tokens=1-5 delims= &quot; %%A in ('sc qc ??SERVICE_NAME?? ^| findstr START_TYPE') do (&#xA;    if &quot;%%D&quot;==&quot;DEMAND_START&quot; ( set UNDO_START_TYPE=demand )&#xA;    if &quot;%%D&quot;==&quot;DISABLED&quot;   ( set UNDO_START_TYPE=disabled )&#xA;    if &quot;%%D&quot;==&quot;AUTO_START&quot; ( &#xA;        if &quot;%%E&quot;==&quot;(DELAYED)&quot; (&#xA;            set UNDO_START_TYPE=delayed-auto&#xA;        )else ( set UNDO_START_TYPE=auto )&#xA;    )&#xA;)&#xA;&#xA;for /F &quot;tokens=1-4 delims= &quot; %%A in ('sc query ??SERVICE_NAME?? ^| findstr STATE') do (&#xA;    if &quot;%%D&quot;==&quot;STOPPED&quot; ( set UNDO_STATE=stop )&#xA;    if &quot;%%D&quot;==&quot;RUNNING&quot; ( set UNDO_STATE=start )&#xA;    if &quot;%%D&quot;==&quot;PAUSED&quot; ( set UNDO_STATE=pause )&#xA;)&#xA;                &#xA;for /f &quot;tokens=* delims=&quot; %%G in ('type &quot;%UNDO_FILE%&quot; ^| find /v /I  &quot;??SERVICE_NAME??&quot;') do echo %%G &gt;&gt; &quot;%TEMP_UNDO_FILE%&quot;&#xA;echo ??SERVICE_NAME?? %UNDO_SD_PERM% %UNDO_START_TYPE% %UNDO_STATE% &gt;&gt; &quot;%TEMP_UNDO_FILE%&quot;&#xA;move &quot;%TEMP_UNDO_FILE%&quot; &quot;%UNDO_FILE%&quot;&#xA;&#xA;sc config ??SERVICE_NAME?? start= ??SERVICE_START_TYPE?? &gt; NUL&#xA;sc ??SERVICE_STATE?? ??SERVICE_NAME?? &gt; NUL&#xA;&#xA;&#xA;for /F &quot;tokens=1-2 delims= &quot; %%A in ('type &quot;%REMIDIATION_FILE%&quot; ^| findstr /I ??SERVICE_NAME??') do ( &#xA;if not &quot;%%A&quot; == &quot;&quot; ( &#xA;sc sdset ??SERVICE_NAME?? %%B &gt; NUL&#xA;))&#xA;&#xA;for /f &quot;tokens=* delims=&quot; %%G in ('type &quot;%REMIDIATION_FILE%&quot; ^| find /v /I  &quot;??SERVICE_NAME??&quot;') do echo %%G &gt;&gt; &quot;%TEMP_REMIDIATION_FILE%&quot;&#xA;move &quot;%TEMP_REMIDIATION_FILE%&quot; &quot;%REMIDIATION_FILE%&quot;&#xA;&#xA;exit 0</Cmd>
      <UndoCmd>set RSCD_DIR=??TARGET.RSCD_DIR??&#xA;set RSCD_DIR=%RSCD_DIR:/=\%&#xA;set RSCD_DIR=%RSCD_DIR:~1%&#xA;set DRIVE_CHAR=%RSCD_DIR:~0,1%&#xA;set RSCD_DIR=%RSCD_DIR:~1%&#xA;set RSCD_DIR=%DRIVE_CHAR%:%RSCD_DIR%&#xA;&#xA;set UNDO_FILE=%RSCD_DIR%\tmp\preDISA\service_undo&#xA;set TEMP_UNDO_FILE=%RSCD_DIR%\tmp\preDISA\service_undo.temp&#xA;type NUL &gt; &quot;%TEMP_UNDO_FILE%&quot;&#xA;&#xA;for /F &quot;tokens=1-4 delims= &quot; %%A in ('type &quot;%UNDO_FILE%&quot; ^| findstr /I ??SERVICE_NAME??') do (&#xA;sc sdset ??SERVICE_NAME?? %%B &gt; NUL&#xA;sc config ??SERVICE_NAME?? start= %%C &gt; NUL&#xA;sc %%D ??SERVICE_NAME?? &gt; NUL&#xA;)&#xA;&#xA;for /f &quot;tokens=* delims=&quot; %%G in ('type &quot;%UNDO_FILE%&quot; ^| find /v /I  &quot;??SERVICE_NAME??&quot;') do echo %%G &gt;&gt; &quot;%TEMP_UNDO_FILE%&quot;&#xA;move &quot;%TEMP_UNDO_FILE%&quot; &quot;%UNDO_FILE%&quot;&#xA;&#xA;exit 0</UndoCmd>
      <ActionOnFailure>Abort</ActionOnFailure>
   </EXTERNALCMD>
</BLPACKAGE>
