<?xml version="1.0" encoding="UTF-8" standalone="yes"?>

<BLPACKAGE CreatedBy="BLAdmin" CreatedDate="2013/06/26 04:41:54" SchemaVersion="2.0">
   <EXTERNALCMD ItemId="1">
      <Name>MultiServicesRemidiate</Name>
      <Cmd>:: Blpackage Properties&#xA;:: PREFIX&#xA;:: COMP_RESULT_FILE_NAME&#xA;:: SERVICE_STARTUP_TYPE: AUTO_START, DEMAND_START, DISABLED, AUTO_START (DELAYED)&#xA;:: SERVICE_STATE: RUNNING, STOPPED&#xA;set RSCD_DIR=??TARGET.RSCD_DIR??&#xA;set RSCD_DIR=%RSCD_DIR:/=\%&#xA;set RSCD_DIR=%RSCD_DIR:~1%&#xA;set DRIVE_CHAR=%RSCD_DIR:~0,1%&#xA;set RSCD_DIR=%RSCD_DIR:~1%&#xA;set RSCD_DIR=%DRIVE_CHAR%:%RSCD_DIR%&#xA;&#xA;set REM_RESULT_FILE=%RSCD_DIR%\tmp\pre??PREFIX??\??COMP_RESULT_FILE_NAME??_undo&#xA;set COMP_RESULT_FILE=%RSCD_DIR%\tmp\pre??PREFIX??\??COMP_RESULT_FILE_NAME??&#xA;&#xA;set REQ_SERVICE_STARTUP_TYPE=&#xA;if &quot;??SERVICE_STARTUP_TYPE??&quot; == &quot;AUTO_START&quot; (&#xA;    set REQ_SERVICE_STARTUP_TYPE=auto&#xA;) else if &quot;??SERVICE_STARTUP_TYPE??&quot; == &quot;DEMAND_START&quot; (&#xA;    set REQ_SERVICE_STARTUP_TYPE=demand&#xA;) else if &quot;??SERVICE_STARTUP_TYPE??&quot; == &quot;DISABLED&quot; (&#xA;    set REQ_SERVICE_STARTUP_TYPE=disabled&#xA;) else if &quot;??SERVICE_STARTUP_TYPE??&quot; == &quot;AUTO_START  (DELAYED)&quot; (&#xA;    set REQ_SERVICE_STARTUP_TYPE=delayed-auto&#xA;)&#xA;&#xA;set REQ_SERVICE_STATE=&#xA;if &quot;??SERVICE_STATE??&quot; == &quot;RUNNING&quot; (&#xA;    set REQ_SERVICE_STATE=start&#xA;) else if &quot;??SERVICE_STATE??&quot; == &quot;STOPPED&quot; (&#xA;    set REQ_SERVICE_STATE=stop&#xA;)&#xA;&#xA;::set COMP_RESULT_FILE=&quot;C:\Program Files\BMC Software\BladeLogic\RSCD\tmp\preDISA_V3487\service_startuptype_comp_result.txt&quot;&#xA;:: set COMP_RESULT_FILE=service_startuptype_comp_result.txt&#xA;setlocal ENABLEDELAYEDEXPANSION&#xA;&#xA;set SERV_NAME=&#xA;set STARTUP_TYPE=&#xA;set SERV_STATE=&#xA;set SERV_DISPLAY_NAME=&#xA;for /F &quot;usebackq tokens=1-4 delims=:&quot; %%a in (&quot;%COMP_RESULT_FILE%&quot;) do (&#xA;    set SERV_DISPLAY_NAME=%%a&#xA;    set SERV_NAME=%%b&#xA;    set STARTUP_TYPE=%%c&#xA;    set SERV_STATE=%%d&#xA;&#xA;    @REM echo.&#xA;    @REM echo SERV_NAME=&quot;!SERV_NAME!&quot;&#xA;    @REM echo STARTUP_TYPE=&quot;!STARTUP_TYPE!&quot;&#xA;    @REM echo SERV_STATE=&quot;!SERV_STATE!&quot;&#xA;    @REM echo SERV_DISPLAY_NAME=&quot;!SERV_DISPLAY_NAME!&quot;&#xA;&#xA;    @REM Process entry only if all the data is available, else continue to next entry&#xA;    if not &quot;!SERV_NAME!&quot; == &quot;&quot; (&#xA;        if not &quot;!STARTUP_TYPE!&quot; == &quot;&quot; (&#xA;            if not &quot;!SERV_STATE!&quot; == &quot;&quot; (&#xA;                if not &quot;!SERV_DISPLAY_NAME!&quot; == &quot;&quot; (&#xA;                    sc config !SERV_NAME! start= !REQ_SERVICE_STARTUP_TYPE!&#xA;                    if not &quot;!REQ_SERVICE_STATE!&quot; == &quot;&quot; (&#xA;                        sc !REQ_SERVICE_STATE! !SERV_NAME!&#xA;                    )&#xA;                )&#xA;            )&#xA;        )&#xA;    )&#xA;)&#xA;&#xA;copy &quot;%COMP_RESULT_FILE%&quot; &quot;%REM_RESULT_FILE%&quot; &gt;NUL &#xA;exit /B 0</Cmd>
      <UndoCmd>:: BLPackage Properties&#xA;:: PREFIX&#xA;:: COMP_RESULT_FILE_NAME&#xA;&#xA;set RSCD_DIR=??TARGET.RSCD_DIR??&#xA;set RSCD_DIR=%RSCD_DIR:/=\%&#xA;set RSCD_DIR=%RSCD_DIR:~1%&#xA;set DRIVE_CHAR=%RSCD_DIR:~0,1%&#xA;set RSCD_DIR=%RSCD_DIR:~1%&#xA;set RSCD_DIR=%DRIVE_CHAR%:%RSCD_DIR%&#xA;set REM_RESULT_FILE=%RSCD_DIR%\tmp\pre??PREFIX??\??COMP_RESULT_FILE_NAME??_undo&#xA;&#xA;setlocal ENABLEDELAYEDEXPANSION&#xA;&#xA;set SERV_NAME=&#xA;set ORIG_STARTUP_TYPE=&#xA;set SERV_STATE=&#xA;set SERV_DISPLAY_NAME=&#xA;for /F &quot;usebackq tokens=1-4 delims=:&quot; %%a in (&quot;%REM_RESULT_FILE%&quot;) do (&#xA;    set SERV_DISPLAY_NAME=%%a&#xA;    set SERV_NAME=%%b&#xA;    set SERV_STATE=%%d&#xA;&#xA;   set ORIG_STARTUP_TYPE=&#xA;   if &quot;%%c&quot; == &quot;AUTO_START&quot; (&#xA;       set ORIG_STARTUP_TYPE=auto&#xA;   ) else if &quot;%%c&quot; == &quot;DEMAND_START&quot; (&#xA;       set ORIG_STARTUP_TYPE=demand&#xA;   ) else if &quot;%%c&quot; == &quot;DISABLED&quot; (&#xA;       set ORIG_STARTUP_TYPE=disabled&#xA;   ) else if &quot;%%c&quot; == &quot;AUTO_START  (DELAYED)&quot; (&#xA;       set ORIG_STARTUP_TYPE=delayed-auto&#xA;   )&#xA;&#xA;    @REM echo.&#xA;    @REM echo SERV_NAME=&quot;!SERV_NAME!&quot;&#xA;    @REM echo ORIG_STARTUP_TYPE=&quot;!ORIG_STARTUP_TYPE!&quot;&#xA;    @REM echo SERV_STATE=&quot;!SERV_STATE!&quot;&#xA;    @REM echo SERV_DISPLAY_NAME=&quot;!SERV_DISPLAY_NAME!&quot;&#xA;&#xA;    @REM Process entry only if all the data is available, else continue to next entry&#xA;    if not &quot;!SERV_NAME!&quot; == &quot;&quot; (&#xA;        if not &quot;!ORIG_STARTUP_TYPE!&quot; == &quot;&quot; (&#xA;            if not &quot;!SERV_STATE!&quot; == &quot;&quot; (&#xA;                if not &quot;!SERV_DISPLAY_NAME!&quot; == &quot;&quot; (&#xA;                    set REQ_SERVICE_STATE=&#xA;                    if &quot;!SERV_STATE!&quot; == &quot;RUNNING&quot; (&#xA;                        set REQ_SERVICE_STATE=start&#xA;                    ) else if &quot;!SERV_STATE!&quot; == &quot;STOPPED&quot; (&#xA;                        set REQ_SERVICE_STATE=stop&#xA;                    ) else if &quot;!SERV_STATE!&quot; == &quot;PAUSED&quot; (&#xA;                        set REQ_SERVICE_STATE=pause&#xA;                    )&#xA;                    sc config !SERV_NAME! start= !ORIG_STARTUP_TYPE!&#xA;                    if not &quot;!REQ_SERVICE_STATE!&quot; == &quot;&quot; (&#xA;                        sc !REQ_SERVICE_STATE! !SERV_NAME!&#xA;                    )&#xA;                )&#xA;            )&#xA;        )&#xA;    )&#xA;)&#xA;&#xA;exit /B 0</UndoCmd>
      <ActionOnFailure>Abort</ActionOnFailure>
   </EXTERNALCMD>
</BLPACKAGE>
