<?xml version="1.0" encoding="UTF-8" standalone="yes"?>

<BLPACKAGE CreatedBy="BLAdmin" CreatedDate="2013/06/25 05:34:58" SchemaVersion="2.0">
   <EXTERNALCMD ItemId="1">
      <Name>Net User Options-Remediation</Name>
      <Cmd>REM @echo on&#xA;&#xA;set RSCD_DIR=??TARGET.RSCD_DIR??&#xA;set RSCD_DIR=%RSCD_DIR:/=\%&#xA;set RSCD_DIR=%RSCD_DIR:~1%&#xA;set DRIVE_CHAR=%RSCD_DIR:~0,1%&#xA;set RSCD_DIR=%RSCD_DIR:~1%&#xA;set REM_DIR=%DRIVE_CHAR%:%RSCD_DIR%\tmp\pre??TEMPLATE_NAME??&#xA;set REM_FILE=%REM_DIR%\rem_??RULE_NAME??&#xA;&#xA;FOR /F &quot;tokens=* delims=&quot; %%x in ('type &quot;%REM_FILE%&quot;') DO %%x&#xA;&#xA;del &quot;%REM_FILE%&quot;</Cmd>
      <UndoCmd>REM @echo on&#xA;&#xA;set RSCD_DIR=??TARGET.RSCD_DIR??&#xA;set RSCD_DIR=%RSCD_DIR:/=\%&#xA;set RSCD_DIR=%RSCD_DIR:~1%&#xA;set DRIVE_CHAR=%RSCD_DIR:~0,1%&#xA;set RSCD_DIR=%RSCD_DIR:~1%&#xA;set UNDO_DIR=%DRIVE_CHAR%:%RSCD_DIR%\tmp\pre??TEMPLATE_NAME??&#xA;set UNDO_FILE=%UNDO_DIR%\undo_??RULE_NAME??&#xA;&#xA;FOR /F &quot;tokens=* delims=&quot; %%x in ('type &quot;%UNDO_FILE%&quot;') DO %%x&#xA;&#xA;del &quot;%UNDO_FILE%&quot;</UndoCmd>
      <ActionOnFailure>Abort</ActionOnFailure>
   </EXTERNALCMD>
</BLPACKAGE>
